station,link,arrival,departure,platform,train
Wien Meidling,https://reiseauskunft.bahn.de/bin/bhftafel.exe/dn?ld=43122&country=DEU&protocol=https:&rt=1&input=Wien Meidling%238100514&time=10:36&date=23.01.24&ld=43110&productsFilter=1111100000&start=1&boardType=dep&, ,10:36,3,S1_001
Wien Matzleinsdorfer Platz,https://reiseauskunft.bahn.de/bin/bhftafel.exe/dn?ld=43122&country=DEU&protocol=https:&rt=1&input=Wien Matzleinsdorfer Platz%238101227&time=10:38&date=23.01.24&ld=43110&productsFilter=1111100000&start=1&boardType=dep&,10:38,10:39,2,S1_001
Wien Hbf,https://reiseauskunft.bahn.de/bin/bhftafel.exe/dn?ld=43122&country=DEU&protocol=https:&rt=1&input=Wien Hbf (Bahnsteige 1-2)%238101590&time=10:41&date=23.01.24&ld=43110&productsFilter=1111100000&start=1&boardType=dep&,10:41,10:42,2,S1_001
Wien Quartier Belvedere,https://reiseauskunft.bahn.de/bin/bhftafel.exe/dn?ld=43122&country=DEU&protocol=https:&rt=1&input=Wien Quartier Belvedere%238101473&time=10:43&date=23.01.24&ld=43110&productsFilter=1111100000&start=1&boardType=dep&,10:43,10:43,2,S1_001
Wien Rennweg,https://reiseauskunft.bahn.de/bin/bhftafel.exe/dn?ld=43122&country=DEU&protocol=https:&rt=1&input=Wien Rennweg%238101433&time=10:46&date=23.01.24&ld=43110&productsFilter=1111100000&start=1&boardType=dep&,10:46,10:46,2,S1_001
Wien Mitte,https://reiseauskunft.bahn.de/bin/bhftafel.exe/dn?ld=43122&country=DEU&protocol=https:&rt=1&input=Wien Mitte%238100449&time=10:48&date=23.01.24&ld=43110&productsFilter=1111100000&start=1&boardType=dep&,10:48,10:49,3,S1_001
Wien Praterstern,https://reiseauskunft.bahn.de/bin/bhftafel.exe/dn?ld=43122&country=DEU&protocol=https:&rt=1&input=Wien Praterstern%238100349&time=10:52&date=23.01.24&ld=43110&productsFilter=1111100000&start=1&boardType=dep&,10:52,10:53,4,S1_001
Wien Traisengasse,https://reiseauskunft.bahn.de/bin/bhftafel.exe/dn?ld=43122&country=DEU&protocol=https:&rt=1&input=Wien Traisengasse%238101641&time=10:56&date=23.01.24&ld=43110&productsFilter=1111100000&start=1&boardType=dep&,10:56,10:56,2,S1_001
Wien Handelskai,https://reiseauskunft.bahn.de/bin/bhftafel.exe/dn?ld=43122&country=DEU&protocol=https:&rt=1&input=Wien Handelskai (Bahnsteige 1-2)%238101934&time=10:57&date=23.01.24&ld=43110&productsFilter=1111100000&start=1&boardType=dep&,10:57,10:58,2,S1_001
Wien Floridsdorf,https://reiseauskunft.bahn.de/bin/bhftafel.exe/dn?ld=43122&country=DEU&protocol=https:&rt=1&input=Wien Floridsdorf%238100236&time=11:01&date=23.01.24&ld=43110&productsFilter=1111100000&start=1&boardType=dep&,11:01,11:02,4,S1_001
Wien Siemensstraße,https://reiseauskunft.bahn.de/bin/bhftafel.exe/dn?ld=43122&country=DEU&protocol=https:&rt=1&input=Wien Siemensstraße%238100796&time=11:05&date=23.01.24&ld=43110&productsFilter=1111100000&start=1&boardType=dep&,11:05,11:05,2,S1_001
Wien Leopoldau,https://reiseauskunft.bahn.de/bin/bhftafel.exe/dn?ld=43122&country=DEU&protocol=https:&rt=1&input=Wien Leopoldau%238101170&time=11:08&date=23.01.24&ld=43110&productsFilter=1111100000&start=1&boardType=dep&,11:08,11:09,2,S1_001
Wien Süßenbrunn,https://reiseauskunft.bahn.de/bin/bhftafel.exe/dn?ld=43122&country=DEU&protocol=https:&rt=1&input=Wien Süßenbrunn%238101619&time=11:11&date=23.01.24&ld=43110&productsFilter=1111100000&start=1&boardType=dep&,11:11,11:12,2,S1_001
Deutsch Wagram,https://reiseauskunft.bahn.de/bin/bhftafel.exe/dn?ld=43122&country=DEU&protocol=https:&rt=1&input=Deutsch Wagram%238100721&time=11:17&date=23.01.24&ld=43110&productsFilter=1111100000&start=1&boardType=dep&,11:17,11:17,2,S1_001
Helmahof,https://reiseauskunft.bahn.de/bin/bhftafel.exe/dn?ld=43122&country=DEU&protocol=https:&rt=1&input=Helmahof%238100928&time=11:21&date=23.01.24&ld=43110&productsFilter=1111100000&start=1&boardType=dep&,11:21,11:21,2,S1_001
Strasshof,https://reiseauskunft.bahn.de/bin/bhftafel.exe/dn?ld=43122&country=DEU&protocol=https:&rt=1&input=Strasshof%238101595&time=11:24&date=23.01.24&ld=43110&productsFilter=1111100000&start=1&boardType=dep&,11:24,11:24,2,S1_001
Silberwald,https://reiseauskunft.bahn.de/bin/bhftafel.exe/dn?ld=43122&country=DEU&protocol=https:&rt=1&input=Silberwald%238100591&time=11:27&date=23.01.24&ld=43110&productsFilter=1111100000&start=1&boardType=dep&,11:27,11:28,2,S1_001
Gänserndorf,https://reiseauskunft.bahn.de/bin/bhftafel.exe/dn?ld=43122&country=DEU&protocol=https:&rt=1&input=Gänserndorf%238100245&time=11:32&date=23.01.24&ld=43110&productsFilter=1111100000&start=1&boardType=dep&,11:32,11:36,1,S1_001
Oberweiden,https://reiseauskunft.bahn.de/bin/bhftafel.exe/dn?ld=43122&country=DEU&protocol=https:&rt=1&input=Oberweiden%238101329&time=11:45&date=23.01.24&ld=43110&productsFilter=1111100000&start=1&boardType=dep&,11:45,11:46,1,S1_001
Marchegg,https://reiseauskunft.bahn.de/bin/bhftafel.exe/dn?ld=43122&country=DEU&protocol=https:&rt=1&input=Marchegg%238100466&time=11:54&date=23.01.24&ld=43110&productsFilter=1111100000&start=1&boardType=dep&,11:54, ,1,S1_001
Mödling,https://reiseauskunft.bahn.de/bin/bhftafel.exe/dn?ld=4350&protocol=https:&rt=1&input=Mödling%238101230&time=10:21&date=23.01.24&ld=43110&productsFilter=1111100000&start=1&boardType=dep&, ,10:21,4,S2_002
Brunn-Maria Enzersdorf,https://reiseauskunft.bahn.de/bin/bhftafel.exe/dn?ld=4350&protocol=https:&rt=1&input=Brunn-Maria Enzersdorf%238100698&time=10:24&date=23.01.24&ld=43110&productsFilter=1111100000&start=1&boardType=dep&,10:24,10:24,2,S2_002
Perchtoldsdorf,https://reiseauskunft.bahn.de/bin/bhftafel.exe/dn?ld=4350&protocol=https:&rt=1&input=Perchtoldsdorf%238101346&time=10:26&date=23.01.24&ld=43110&productsFilter=1111100000&start=1&boardType=dep&,10:26,10:27,2,S2_002
Wien Liesing,https://reiseauskunft.bahn.de/bin/bhftafel.exe/dn?ld=4350&protocol=https:&rt=1&input=Wien Liesing%238101150&time=10:29&date=23.01.24&ld=43110&productsFilter=1111100000&start=1&boardType=dep&,10:29,10:30,3,S2_002
Wien Atzgersdorf,https://reiseauskunft.bahn.de/bin/bhftafel.exe/dn?ld=4350&protocol=https:&rt=1&input=Wien Atzgersdorf%238100634&time=10:32&date=23.01.24&ld=43110&productsFilter=1111100000&start=1&boardType=dep&,10:32,10:32,1,S2_002
Wien Hetzendorf,https://reiseauskunft.bahn.de/bin/bhftafel.exe/dn?ld=4350&protocol=https:&rt=1&input=Wien Hetzendorf%238100935&time=10:35&date=23.01.24&ld=43110&productsFilter=1111100000&start=1&boardType=dep&,10:35,10:35,1,S2_002
Wien Meidling,https://reiseauskunft.bahn.de/bin/bhftafel.exe/dn?ld=4350&protocol=https:&rt=1&input=Wien Meidling%238100514&time=10:38&date=23.01.24&ld=43110&productsFilter=1111100000&start=1&boardType=dep&,10:38,10:39,3,S2_002
Wien Matzleinsdorfer Platz,https://reiseauskunft.bahn.de/bin/bhftafel.exe/dn?ld=4350&protocol=https:&rt=1&input=Wien Matzleinsdorfer Platz%238101227&time=10:41&date=23.01.24&ld=43110&productsFilter=1111100000&start=1&boardType=dep&,10:41,10:42,2,S2_002
Wien Hbf,https://reiseauskunft.bahn.de/bin/bhftafel.exe/dn?ld=4350&protocol=https:&rt=1&input=Wien Hbf (Bahnsteige 1-2)%238101590&time=10:44&date=23.01.24&ld=43110&productsFilter=1111100000&start=1&boardType=dep&,10:44,10:45,2,S2_002
Wien Quartier Belvedere,https://reiseauskunft.bahn.de/bin/bhftafel.exe/dn?ld=4350&protocol=https:&rt=1&input=Wien Quartier Belvedere%238101473&time=10:46&date=23.01.24&ld=43110&productsFilter=1111100000&start=1&boardType=dep&,10:46,10:46,2,S2_002
Wien Rennweg,https://reiseauskunft.bahn.de/bin/bhftafel.exe/dn?ld=4350&protocol=https:&rt=1&input=Wien Rennweg%238101433&time=10:49&date=23.01.24&ld=43110&productsFilter=1111100000&start=1&boardType=dep&,10:49,10:49,2,S2_002
Wien Mitte,https://reiseauskunft.bahn.de/bin/bhftafel.exe/dn?ld=4350&protocol=https:&rt=1&input=Wien Mitte%238100449&time=10:51&date=23.01.24&ld=43110&productsFilter=1111100000&start=1&boardType=dep&,10:51,10:52,4,S2_002
Wien Praterstern,https://reiseauskunft.bahn.de/bin/bhftafel.exe/dn?ld=4350&protocol=https:&rt=1&input=Wien Praterstern%238100349&time=10:55&date=23.01.24&ld=43110&productsFilter=1111100000&start=1&boardType=dep&,10:55,10:56,3,S2_002
Wien Traisengasse,https://reiseauskunft.bahn.de/bin/bhftafel.exe/dn?ld=4350&protocol=https:&rt=1&input=Wien Traisengasse%238101641&time=10:59&date=23.01.24&ld=43110&productsFilter=1111100000&start=1&boardType=dep&,10:59,10:59,2,S2_002
Wien Handelskai,https://reiseauskunft.bahn.de/bin/bhftafel.exe/dn?ld=4350&protocol=https:&rt=1&input=Wien Handelskai (Bahnsteige 1-2)%238101934&time=11:00&date=23.01.24&ld=43110&productsFilter=1111100000&start=1&boardType=dep&,11:00,11:01,2,S2_002
Wien Floridsdorf,https://reiseauskunft.bahn.de/bin/bhftafel.exe/dn?ld=4350&protocol=https:&rt=1&input=Wien Floridsdorf%238100236&time=11:04&date=23.01.24&ld=43110&productsFilter=1111100000&start=1&boardType=dep&,11:04,11:05,3,S2_002
Wien Siemensstraße,https://reiseauskunft.bahn.de/bin/bhftafel.exe/dn?ld=4350&protocol=https:&rt=1&input=Wien Siemensstraße%238100796&time=11:08&date=23.01.24&ld=43110&productsFilter=1111100000&start=1&boardType=dep&,11:08,11:08,2,S2_002
Wien Leopoldau,https://reiseauskunft.bahn.de/bin/bhftafel.exe/dn?ld=4350&protocol=https:&rt=1&input=Wien Leopoldau%238101170&time=11:11&date=23.01.24&ld=43110&productsFilter=1111100000&start=1&boardType=dep&,11:11,11:12,2,S2_002
Gerasdorf,https://reiseauskunft.bahn.de/bin/bhftafel.exe/dn?ld=4350&protocol=https:&rt=1&input=Gerasdorf%238100869&time=11:16&date=23.01.24&ld=43110&productsFilter=1111100000&start=1&boardType=dep&,11:16,11:16,2,S2_002
Kapellerfeld,https://reiseauskunft.bahn.de/bin/bhftafel.exe/dn?ld=4350&protocol=https:&rt=1&input=Kapellerfeld%238101020&time=11:18&date=23.01.24&ld=43110&productsFilter=1111100000&start=1&boardType=dep&,11:18,11:19,2,S2_002
Seyring,https://reiseauskunft.bahn.de/bin/bhftafel.exe/dn?ld=4350&protocol=https:&rt=1&input=Seyring%238101498&time=11:21&date=23.01.24&ld=43110&productsFilter=1111100000&start=1&boardType=dep&,11:21,11:21,2,S2_002
Obersdorf NÖ,https://reiseauskunft.bahn.de/bin/bhftafel.exe/dn?ld=4350&protocol=https:&rt=1&input=Obersdorf NÖ%238101317&time=11:24&date=23.01.24&ld=43110&productsFilter=1111100000&start=1&boardType=dep&,11:24,11:24,2,S2_002
Wolkersdorf im Weinviertel,https://reiseauskunft.bahn.de/bin/bhftafel.exe/dn?ld=4350&protocol=https:&rt=1&input=Wolkersdorf im Weinviertel%238101793&time=11:27&date=23.01.24&ld=43110&productsFilter=1111100000&start=1&boardType=dep&,11:27, ,3,S2_002
Wien Liesing,https://reiseauskunft.bahn.de/bin/bhftafel.exe/dn?ld=4350&protocol=https:&rt=1&input=Wien Liesing%238101150&time=10:24&date=23.01.24&ld=43110&productsFilter=1111100000&start=1&boardType=dep&, ,10:24,3,S3_003
Wien Atzgersdorf,https://reiseauskunft.bahn.de/bin/bhftafel.exe/dn?ld=4350&protocol=https:&rt=1&input=Wien Atzgersdorf%238100634&time=10:26&date=23.01.24&ld=43110&productsFilter=1111100000&start=1&boardType=dep&,10:26,10:26,1,S3_003
Wien Hetzendorf,https://reiseauskunft.bahn.de/bin/bhftafel.exe/dn?ld=4350&protocol=https:&rt=1&input=Wien Hetzendorf%238100935&time=10:29&date=23.01.24&ld=43110&productsFilter=1111100000&start=1&boardType=dep&,10:29,10:29,1,S3_003
Wien Meidling,https://reiseauskunft.bahn.de/bin/bhftafel.exe/dn?ld=4350&protocol=https:&rt=1&input=Wien Meidling%238100514&time=10:32&date=23.01.24&ld=43110&productsFilter=1111100000&start=1&boardType=dep&,10:32,10:33,4,S3_003
Wien Matzleinsdorfer Platz,https://reiseauskunft.bahn.de/bin/bhftafel.exe/dn?ld=4350&protocol=https:&rt=1&input=Wien Matzleinsdorfer Platz%238101227&time=10:35&date=23.01.24&ld=43110&productsFilter=1111100000&start=1&boardType=dep&,10:35,10:36,2,S3_003
Wien Hbf,https://reiseauskunft.bahn.de/bin/bhftafel.exe/dn?ld=4350&protocol=https:&rt=1&input=Wien Hbf (Bahnsteige 1-2)%238101590&time=10:38&date=23.01.24&ld=43110&productsFilter=1111100000&start=1&boardType=dep&,10:38,10:39,2,S3_003
Wien Quartier Belvedere,https://reiseauskunft.bahn.de/bin/bhftafel.exe/dn?ld=4350&protocol=https:&rt=1&input=Wien Quartier Belvedere%238101473&time=10:40&date=23.01.24&ld=43110&productsFilter=1111100000&start=1&boardType=dep&,10:40,10:40,2,S3_003
Wien Rennweg,https://reiseauskunft.bahn.de/bin/bhftafel.exe/dn?ld=4350&protocol=https:&rt=1&input=Wien Rennweg%238101433&time=10:43&date=23.01.24&ld=43110&productsFilter=1111100000&start=1&boardType=dep&,10:43,10:43,2,S3_003
Wien Mitte,https://reiseauskunft.bahn.de/bin/bhftafel.exe/dn?ld=4350&protocol=https:&rt=1&input=Wien Mitte%238100449&time=10:45&date=23.01.24&ld=43110&productsFilter=1111100000&start=1&boardType=dep&,10:45,10:46,4,S3_003
Wien Praterstern,https://reiseauskunft.bahn.de/bin/bhftafel.exe/dn?ld=4350&protocol=https:&rt=1&input=Wien Praterstern%238100349&time=10:49&date=23.01.24&ld=43110&productsFilter=1111100000&start=1&boardType=dep&,10:49,10:50,3,S3_003
Wien Traisengasse,https://reiseauskunft.bahn.de/bin/bhftafel.exe/dn?ld=4350&protocol=https:&rt=1&input=Wien Traisengasse%238101641&time=10:53&date=23.01.24&ld=43110&productsFilter=1111100000&start=1&boardType=dep&,10:53,10:53,2,S3_003
Wien Handelskai,https://reiseauskunft.bahn.de/bin/bhftafel.exe/dn?ld=4350&protocol=https:&rt=1&input=Wien Handelskai (Bahnsteige 1-2)%238101934&time=10:54&date=23.01.24&ld=43110&productsFilter=1111100000&start=1&boardType=dep&,10:54,10:55,2,S3_003
Wien Floridsdorf,https://reiseauskunft.bahn.de/bin/bhftafel.exe/dn?ld=4350&protocol=https:&rt=1&input=Wien Floridsdorf%238100236&time=10:58&date=23.01.24&ld=43110&productsFilter=1111100000&start=1&boardType=dep&,10:58,11:01,3,S3_003
Wien Brünner Straße,https://reiseauskunft.bahn.de/bin/bhftafel.exe/dn?ld=4350&protocol=https:&rt=1&input=Wien Brünner Straße%238100691&time=11:03&date=23.01.24&ld=43110&productsFilter=1111100000&start=1&boardType=dep&,11:03,11:04,2,S3_003
Wien Jedlersdorf,https://reiseauskunft.bahn.de/bin/bhftafel.exe/dn?ld=4350&protocol=https:&rt=1&input=Wien Jedlersdorf%238101013&time=11:05&date=23.01.24&ld=43110&productsFilter=1111100000&start=1&boardType=dep&,11:05,11:06,2,S3_003
Wien Strebersdorf,https://reiseauskunft.bahn.de/bin/bhftafel.exe/dn?ld=4350&protocol=https:&rt=1&input=Wien Strebersdorf%238101588&time=11:08&date=23.01.24&ld=43110&productsFilter=1111100000&start=1&boardType=dep&,11:08,11:08,2,S3_003
Langenzersdorf,https://reiseauskunft.bahn.de/bin/bhftafel.exe/dn?ld=4350&protocol=https:&rt=1&input=Langenzersdorf%238101191&time=11:11&date=23.01.24&ld=43110&productsFilter=1111100000&start=1&boardType=dep&,11:11,11:11,2,S3_003
Bisamberg,https://reiseauskunft.bahn.de/bin/bhftafel.exe/dn?ld=4350&protocol=https:&rt=1&input=Bisamberg%238100689&time=11:13&date=23.01.24&ld=43110&productsFilter=1111100000&start=1&boardType=dep&,11:13,11:13,2,S3_003
Korneuburg,https://reiseauskunft.bahn.de/bin/bhftafel.exe/dn?ld=4350&protocol=https:&rt=1&input=Korneuburg%238100293&time=11:16&date=23.01.24&ld=43110&productsFilter=1111100000&start=1&boardType=dep&,11:16, ,11,S3_003
Absdorf-Hippersdorf,https://reiseauskunft.bahn.de/bin/bhftafel.exe/dn?ld=4370&country=DEU&protocol=https:&rt=1&input=Absdorf-Hippersdorf%238100202&time=06:28&date=23.01.24&ld=43110&productsFilter=1111100000&start=1&boardType=dep&, ,06:28,1,S4_004
Gaisruck b.Stockerau,https://reiseauskunft.bahn.de/bin/bhftafel.exe/dn?ld=4370&country=DEU&protocol=https:&rt=1&input=Gaisruck b.Stockerau%238100823&time=06:33&date=23.01.24&ld=43110&productsFilter=1111100000&start=1&boardType=dep&,06:33,06:33,1,S4_004
Hausleiten b.Stockerau,https://reiseauskunft.bahn.de/bin/bhftafel.exe/dn?ld=4370&country=DEU&protocol=https:&rt=1&input=Hausleiten b.Stockerau%238100990&time=06:36&date=23.01.24&ld=43110&productsFilter=1111100000&start=1&boardType=dep&,06:36,06:37,2,S4_004
Stockerau,https://reiseauskunft.bahn.de/bin/bhftafel.exe/dn?ld=4370&country=DEU&protocol=https:&rt=1&input=Stockerau%238100534&time=06:43&date=23.01.24&ld=43110&productsFilter=1111100000&start=1&boardType=dep&,06:43,06:44,2,S4_004
Spillern,https://reiseauskunft.bahn.de/bin/bhftafel.exe/dn?ld=4370&country=DEU&protocol=https:&rt=1&input=Spillern%238101578&time=06:48&date=23.01.24&ld=43110&productsFilter=1111100000&start=1&boardType=dep&,06:48,06:48,2,S4_004
Leobendorf-Burg Kreuzenstein,https://reiseauskunft.bahn.de/bin/bhftafel.exe/dn?ld=4370&country=DEU&protocol=https:&rt=1&input=Leobendorf-Burg Kreuzenstein%238101124&time=06:51&date=23.01.24&ld=43110&productsFilter=1111100000&start=1&boardType=dep&,06:51,06:52,1,S4_004
Korneuburg,https://reiseauskunft.bahn.de/bin/bhftafel.exe/dn?ld=4370&country=DEU&protocol=https:&rt=1&input=Korneuburg%238100293&time=06:54&date=23.01.24&ld=43110&productsFilter=1111100000&start=1&boardType=dep&,06:54,06:55,2,S4_004
Bisamberg,https://reiseauskunft.bahn.de/bin/bhftafel.exe/dn?ld=4370&country=DEU&protocol=https:&rt=1&input=Bisamberg%238100689&time=06:58&date=23.01.24&ld=43110&productsFilter=1111100000&start=1&boardType=dep&,06:58,06:58,1,S4_004
Langenzersdorf,https://reiseauskunft.bahn.de/bin/bhftafel.exe/dn?ld=4370&country=DEU&protocol=https:&rt=1&input=Langenzersdorf%238101191&time=07:00&date=23.01.24&ld=43110&productsFilter=1111100000&start=1&boardType=dep&,07:00,07:00,1,S4_004
Wien Strebersdorf,https://reiseauskunft.bahn.de/bin/bhftafel.exe/dn?ld=4370&country=DEU&protocol=https:&rt=1&input=Wien Strebersdorf%238101588&time=07:03&date=23.01.24&ld=43110&productsFilter=1111100000&start=1&boardType=dep&,07:03,07:04,1,S4_004
Wien Jedlersdorf,https://reiseauskunft.bahn.de/bin/bhftafel.exe/dn?ld=4370&country=DEU&protocol=https:&rt=1&input=Wien Jedlersdorf%238101013&time=07:06&date=23.01.24&ld=43110&productsFilter=1111100000&start=1&boardType=dep&,07:06,07:06,1,S4_004
Wien Brünner Straße,https://reiseauskunft.bahn.de/bin/bhftafel.exe/dn?ld=4370&country=DEU&protocol=https:&rt=1&input=Wien Brünner Straße%238100691&time=07:08&date=23.01.24&ld=43110&productsFilter=1111100000&start=1&boardType=dep&,07:08,07:08,1,S4_004
Wien Floridsdorf,https://reiseauskunft.bahn.de/bin/bhftafel.exe/dn?ld=4370&country=DEU&protocol=https:&rt=1&input=Wien Floridsdorf%238100236&time=07:11&date=23.01.24&ld=43110&productsFilter=1111100000&start=1&boardType=dep&,07:11,07:12,1,S4_004
Wien Handelskai,https://reiseauskunft.bahn.de/bin/bhftafel.exe/dn?ld=4370&country=DEU&protocol=https:&rt=1&input=Wien Handelskai (Bahnsteige 1-2)%238101934&time=07:14&date=23.01.24&ld=43110&productsFilter=1111100000&start=1&boardType=dep&,07:14,07:15,1,S4_004
Wien Traisengasse,https://reiseauskunft.bahn.de/bin/bhftafel.exe/dn?ld=4370&country=DEU&protocol=https:&rt=1&input=Wien Traisengasse%238101641&time=07:17&date=23.01.24&ld=43110&productsFilter=1111100000&start=1&boardType=dep&,07:17,07:17,1,S4_004
Wien Praterstern,https://reiseauskunft.bahn.de/bin/bhftafel.exe/dn?ld=4370&country=DEU&protocol=https:&rt=1&input=Wien Praterstern%238100349&time=07:19&date=23.01.24&ld=43110&productsFilter=1111100000&start=1&boardType=dep&,07:19,07:21,1,S4_004
Wien Mitte,https://reiseauskunft.bahn.de/bin/bhftafel.exe/dn?ld=4370&country=DEU&protocol=https:&rt=1&input=Wien Mitte%238100449&time=07:23&date=23.01.24&ld=43110&productsFilter=1111100000&start=1&boardType=dep&,07:23,07:25,2,S4_004
Wien Rennweg,https://reiseauskunft.bahn.de/bin/bhftafel.exe/dn?ld=4370&country=DEU&protocol=https:&rt=1&input=Wien Rennweg%238101433&time=07:27&date=23.01.24&ld=43110&productsFilter=1111100000&start=1&boardType=dep&,07:27,07:27,1,S4_004
Wien Quartier Belvedere,https://reiseauskunft.bahn.de/bin/bhftafel.exe/dn?ld=4370&country=DEU&protocol=https:&rt=1&input=Wien Quartier Belvedere%238101473&time=07:29&date=23.01.24&ld=43110&productsFilter=1111100000&start=1&boardType=dep&,07:29,07:30,1,S4_004
Wien Hbf,https://reiseauskunft.bahn.de/bin/bhftafel.exe/dn?ld=4370&country=DEU&protocol=https:&rt=1&input=Wien Hbf (Bahnsteige 1-2)%238101590&time=07:31&date=23.01.24&ld=43110&productsFilter=1111100000&start=1&boardType=dep&,07:31,07:32,1,S4_004
Wien Matzleinsdorfer Platz,https://reiseauskunft.bahn.de/bin/bhftafel.exe/dn?ld=4370&country=DEU&protocol=https:&rt=1&input=Wien Matzleinsdorfer Platz%238101227&time=07:34&date=23.01.24&ld=43110&productsFilter=1111100000&start=1&boardType=dep&,07:34,07:35,1,S4_004
Wien Meidling,https://reiseauskunft.bahn.de/bin/bhftafel.exe/dn?ld=4370&country=DEU&protocol=https:&rt=1&input=Wien Meidling%238100514&time=07:37&date=23.01.24&ld=43110&productsFilter=1111100000&start=1&boardType=dep&,07:37,07:39,2,S4_004
Wien Hetzendorf,https://reiseauskunft.bahn.de/bin/bhftafel.exe/dn?ld=4370&country=DEU&protocol=https:&rt=1&input=Wien Hetzendorf%238100935&time=07:42&date=23.01.24&ld=43110&productsFilter=1111100000&start=1&boardType=dep&,07:42,07:42,2,S4_004
Wien Atzgersdorf,https://reiseauskunft.bahn.de/bin/bhftafel.exe/dn?ld=4370&country=DEU&protocol=https:&rt=1&input=Wien Atzgersdorf%238100634&time=07:45&date=23.01.24&ld=43110&productsFilter=1111100000&start=1&boardType=dep&,07:45,07:45,2,S4_004
Wien Liesing,https://reiseauskunft.bahn.de/bin/bhftafel.exe/dn?ld=4370&country=DEU&protocol=https:&rt=1&input=Wien Liesing%238101150&time=07:47&date=23.01.24&ld=43110&productsFilter=1111100000&start=1&boardType=dep&,07:47,07:48,1,S4_004
Perchtoldsdorf,https://reiseauskunft.bahn.de/bin/bhftafel.exe/dn?ld=4370&country=DEU&protocol=https:&rt=1&input=Perchtoldsdorf%238101346&time=07:50&date=23.01.24&ld=43110&productsFilter=1111100000&start=1&boardType=dep&,07:50,07:50,1,S4_004
Brunn-Maria Enzersdorf,https://reiseauskunft.bahn.de/bin/bhftafel.exe/dn?ld=4370&country=DEU&protocol=https:&rt=1&input=Brunn-Maria Enzersdorf%238100698&time=07:52&date=23.01.24&ld=43110&productsFilter=1111100000&start=1&boardType=dep&,07:52,07:53,1,S4_004
Mödling,https://reiseauskunft.bahn.de/bin/bhftafel.exe/dn?ld=4370&country=DEU&protocol=https:&rt=1&input=Mödling%238101230&time=07:56&date=23.01.24&ld=43110&productsFilter=1111100000&start=1&boardType=dep&,07:56,08:01,1,S4_004
Guntramsdorf-Thallern,https://reiseauskunft.bahn.de/bin/bhftafel.exe/dn?ld=4370&country=DEU&protocol=https:&rt=1&input=Guntramsdorf-Thallern%238100846&time=08:05&date=23.01.24&ld=43110&productsFilter=1111100000&start=1&boardType=dep&,08:05,08:05,1,S4_004
Gumpoldskirchen,https://reiseauskunft.bahn.de/bin/bhftafel.exe/dn?ld=4370&country=DEU&protocol=https:&rt=1&input=Gumpoldskirchen%238100867&time=08:07&date=23.01.24&ld=43110&productsFilter=1111100000&start=1&boardType=dep&,08:07,08:07,1,S4_004
Pfaffstätten,https://reiseauskunft.bahn.de/bin/bhftafel.exe/dn?ld=4370&country=DEU&protocol=https:&rt=1&input=Pfaffstätten%238101352&time=08:10&date=23.01.24&ld=43110&productsFilter=1111100000&start=1&boardType=dep&,08:10,08:18,1,S4_004
Baden b.Wien,https://reiseauskunft.bahn.de/bin/bhftafel.exe/dn?ld=4370&country=DEU&protocol=https:&rt=1&input=Baden b.Wien%238100025&time=08:21&date=23.01.24&ld=43110&productsFilter=1111100000&start=1&boardType=dep&,08:21,08:21,1,S4_004
Bad Vöslau,https://reiseauskunft.bahn.de/bin/bhftafel.exe/dn?ld=4370&country=DEU&protocol=https:&rt=1&input=Bad Vöslau%238100708&time=08:25&date=23.01.24&ld=43110&productsFilter=1111100000&start=1&boardType=dep&,08:25,08:25,1,S4_004
Kottingbrunn,https://reiseauskunft.bahn.de/bin/bhftafel.exe/dn?ld=4370&country=DEU&protocol=https:&rt=1&input=Kottingbrunn%238101033&time=08:28&date=23.01.24&ld=43110&productsFilter=1111100000&start=1&boardType=dep&,08:28,08:28,1,S4_004
Leobersdorf,https://reiseauskunft.bahn.de/bin/bhftafel.exe/dn?ld=4370&country=DEU&protocol=https:&rt=1&input=Leobersdorf%238101163&time=08:30&date=23.01.24&ld=43110&productsFilter=1111100000&start=1&boardType=dep&,08:30,08:31,2,S4_004
Sollenau,https://reiseauskunft.bahn.de/bin/bhftafel.exe/dn?ld=4370&country=DEU&protocol=https:&rt=1&input=Sollenau%238101567&time=08:35&date=23.01.24&ld=43110&productsFilter=1111100000&start=1&boardType=dep&,08:35,08:35,3,S4_004
Felixdorf,https://reiseauskunft.bahn.de/bin/bhftafel.exe/dn?ld=4370&country=DEU&protocol=https:&rt=1&input=Felixdorf%238100780&time=08:37&date=23.01.24&ld=43110&productsFilter=1111100000&start=1&boardType=dep&,08:37,08:38,1,S4_004
Wiener Neustadt Hbf,https://reiseauskunft.bahn.de/bin/bhftafel.exe/dn?ld=4370&country=DEU&protocol=https:&rt=1&input=Wiener Neustadt Hbf%238100516&time=08:45&date=23.01.24&ld=43110&productsFilter=1111100000&start=1&boardType=dep&,08:45, ,8C-D,S4_004
Mistelbach,https://reiseauskunft.bahn.de/bin/bhftafel.exe/dn?ld=4368&protocol=https:&rt=1&input=Mistelbach%238101245&time=10:36&date=23.01.24&ld=43110&productsFilter=1111100000&start=1&boardType=dep&,,10:41,1,S2_005
Paasdorf,https://reiseauskunft.bahn.de/bin/bhftafel.exe/dn?ld=4368&protocol=https:&rt=1&input=Paasdorf%238101336&time=10:44&date=23.01.24&ld=43110&productsFilter=1111100000&start=1&boardType=dep&,10:44,10:45,1,S2_005
Ladendorf,https://reiseauskunft.bahn.de/bin/bhftafel.exe/dn?ld=4368&protocol=https:&rt=1&input=Ladendorf%238101111&time=10:47&date=23.01.24&ld=43110&productsFilter=1111100000&start=1&boardType=dep&,10:47,10:48,2,S2_005
Neubau-Kreuzstetten,https://reiseauskunft.bahn.de/bin/bhftafel.exe/dn?ld=4368&protocol=https:&rt=1&input=Neubau-Kreuzstetten%238101261&time=10:53&date=23.01.24&ld=43110&productsFilter=1111100000&start=1&boardType=dep&,10:53,10:54,2,S2_005
Niederkreuzstetten,https://reiseauskunft.bahn.de/bin/bhftafel.exe/dn?ld=4368&protocol=https:&rt=1&input=Niederkreuzstetten%238101272&time=10:56&date=23.01.24&ld=43110&productsFilter=1111100000&start=1&boardType=dep&,10:56,10:57,1,S2_005
Hautzendorf,https://reiseauskunft.bahn.de/bin/bhftafel.exe/dn?ld=4368&protocol=https:&rt=1&input=Hautzendorf%238100984&time=11:00&date=23.01.24&ld=43110&productsFilter=1111100000&start=1&boardType=dep&,11:00,11:01,1,S2_005
Schleinbach,https://reiseauskunft.bahn.de/bin/bhftafel.exe/dn?ld=4368&protocol=https:&rt=1&input=Schleinbach%238101535&time=11:04&date=23.01.24&ld=43110&productsFilter=1111100000&start=1&boardType=dep&,11:04,11:05,1,S2_005
Ulrichskirchen,https://reiseauskunft.bahn.de/bin/bhftafel.exe/dn?ld=4368&protocol=https:&rt=1&input=Ulrichskirchen%238101697&time=11:08&date=23.01.24&ld=43110&productsFilter=1111100000&start=1&boardType=dep&,11:08,11:08,1,S2_005
Wolkersdorf im Weinviertel,https://reiseauskunft.bahn.de/bin/bhftafel.exe/dn?ld=4368&protocol=https:&rt=1&input=Wolkersdorf im Weinviertel%238101793&time=11:11&date=23.01.24&ld=43110&productsFilter=1111100000&start=1&boardType=dep&,11:11,11:13,2,S2_005
Obersdorf NÖ,https://reiseauskunft.bahn.de/bin/bhftafel.exe/dn?ld=4368&protocol=https:&rt=1&input=Obersdorf NÖ%238101317&time=11:16&date=23.01.24&ld=43110&productsFilter=1111100000&start=1&boardType=dep&,11:16,11:16,1,S2_005
Seyring,https://reiseauskunft.bahn.de/bin/bhftafel.exe/dn?ld=4368&protocol=https:&rt=1&input=Seyring%238101498&time=11:19&date=23.01.24&ld=43110&productsFilter=1111100000&start=1&boardType=dep&,11:19,11:19,1,S2_005
Kapellerfeld,https://reiseauskunft.bahn.de/bin/bhftafel.exe/dn?ld=4368&protocol=https:&rt=1&input=Kapellerfeld%238101020&time=11:21&date=23.01.24&ld=43110&productsFilter=1111100000&start=1&boardType=dep&,11:21,11:22,1,S2_005
Gerasdorf,https://reiseauskunft.bahn.de/bin/bhftafel.exe/dn?ld=4368&protocol=https:&rt=1&input=Gerasdorf%238100869&time=11:24&date=23.01.24&ld=43110&productsFilter=1111100000&start=1&boardType=dep&,11:24,11:24,1,S2_005
Wien Leopoldau,https://reiseauskunft.bahn.de/bin/bhftafel.exe/dn?ld=4368&protocol=https:&rt=1&input=Wien Leopoldau%238101170&time=11:28&date=23.01.24&ld=43110&productsFilter=1111100000&start=1&boardType=dep&,11:28,11:29,1,S2_005
Wien Siemensstraße,https://reiseauskunft.bahn.de/bin/bhftafel.exe/dn?ld=4368&protocol=https:&rt=1&input=Wien Siemensstraße%238100796&time=11:31&date=23.01.24&ld=43110&productsFilter=1111100000&start=1&boardType=dep&,11:31,11:32,1,S2_005
Wien Floridsdorf,https://reiseauskunft.bahn.de/bin/bhftafel.exe/dn?ld=4368&protocol=https:&rt=1&input=Wien Floridsdorf%238100236&time=11:35&date=23.01.24&ld=43110&productsFilter=1111100000&start=1&boardType=dep&,11:35,11:36,2,S2_005
Wien Handelskai,https://reiseauskunft.bahn.de/bin/bhftafel.exe/dn?ld=4368&protocol=https:&rt=1&input=Wien Handelskai (Bahnsteige 1-2)%238101934&time=11:38&date=23.01.24&ld=43110&productsFilter=1111100000&start=1&boardType=dep&,11:38,11:39,1,S2_005
Wien Traisengasse,https://reiseauskunft.bahn.de/bin/bhftafel.exe/dn?ld=4368&protocol=https:&rt=1&input=Wien Traisengasse%238101641&time=11:41&date=23.01.24&ld=43110&productsFilter=1111100000&start=1&boardType=dep&,11:41,11:41,1,S2_005
Wien Praterstern,https://reiseauskunft.bahn.de/bin/bhftafel.exe/dn?ld=4368&protocol=https:&rt=1&input=Wien Praterstern%238100349&time=11:43&date=23.01.24&ld=43110&productsFilter=1111100000&start=1&boardType=dep&,11:43,11:45,2,S2_005
Wien Mitte,https://reiseauskunft.bahn.de/bin/bhftafel.exe/dn?ld=4368&protocol=https:&rt=1&input=Wien Mitte%238100449&time=11:47&date=23.01.24&ld=43110&productsFilter=1111100000&start=1&boardType=dep&,11:47,11:49,2,S2_005
Wien Rennweg,https://reiseauskunft.bahn.de/bin/bhftafel.exe/dn?ld=4368&protocol=https:&rt=1&input=Wien Rennweg%238101433&time=11:51&date=23.01.24&ld=43110&productsFilter=1111100000&start=1&boardType=dep&,11:51,11:51,1,S2_005
Wien St. Marx,https://reiseauskunft.bahn.de/bin/bhftafel.exe/dn?ld=4368&protocol=https:&rt=1&input=Wien St. Marx%238101818&time=11:53&date=23.01.24&ld=43110&productsFilter=1111100000&start=1&boardType=dep&,11:53,11:53,2,S2_005
Wien Geiselbergstraße,https://reiseauskunft.bahn.de/bin/bhftafel.exe/dn?ld=4368&protocol=https:&rt=1&input=Wien Geiselbergstraße%238101555&time=11:55&date=23.01.24&ld=43110&productsFilter=1111100000&start=1&boardType=dep&,11:55,11:56,2,S2_005
Wien Zentralfriedhof,https://reiseauskunft.bahn.de/bin/bhftafel.exe/dn?ld=4368&protocol=https:&rt=1&input=Wien Zentralfriedhof (S-Bahn)%238101820&time=11:58&date=23.01.24&ld=43110&productsFilter=1111100000&start=1&boardType=dep&,11:58,11:58,2,S2_005
Wien Kaiserebersdorf,https://reiseauskunft.bahn.de/bin/bhftafel.exe/dn?ld=4368&protocol=https:&rt=1&input=Wien Kaiserebersdorf%238100374&time=12:02&date=23.01.24&ld=43110&productsFilter=1111100000&start=1&boardType=dep&,12:02,12:02,2,S2_005
Schwechat,https://reiseauskunft.bahn.de/bin/bhftafel.exe/dn?ld=4368&protocol=https:&rt=1&input=Schwechat%238100259&time=12:04&date=23.01.24&ld=43110&productsFilter=1111100000&start=1&boardType=dep&,12:04,12:05,2,S2_005
Mannswörth,https://reiseauskunft.bahn.de/bin/bhftafel.exe/dn?ld=4368&protocol=https:&rt=1&input=Mannswörth%238101871&time=12:07&date=23.01.24&ld=43110&productsFilter=1111100000&start=1&boardType=dep&,12:07,12:08,2,S2_005
Flughafen Wien,https://reiseauskunft.bahn.de/bin/bhftafel.exe/dn?ld=4368&protocol=https:&rt=1&input=Flughafen Wien%238100353&time=12:11&date=23.01.24&ld=43110&productsFilter=1111100000&start=1&boardType=dep&,12:11, ,3A-B,S2_005
Wiener Neustadt Hbf,https://reiseauskunft.bahn.de/bin/bhftafel.exe/dn?ld=4370&country=DEU&protocol=https:&rt=1&input=Wiener Neustadt Hbf%238100516&time=09:36&date=23.01.24&ld=43110&productsFilter=1111100000&start=1&boardType=dep&, ,09:36,1A,S60_006
Wiener Neustadt Civitas Nova,https://reiseauskunft.bahn.de/bin/bhftafel.exe/dn?ld=4370&country=DEU&protocol=https:&rt=1&input=Wiener Neustadt Civitas Nova%238101789&time=09:39&date=23.01.24&ld=43110&productsFilter=1111100000&start=1&boardType=dep&,09:39,09:39,1,S60_006
Obereggendorf,https://reiseauskunft.bahn.de/bin/bhftafel.exe/dn?ld=4370&country=DEU&protocol=https:&rt=1&input=Obereggendorf%238100439&time=09:42&date=23.01.24&ld=43110&productsFilter=1111100000&start=1&boardType=dep&,09:42,09:43,1,S60_006
Untereggendorf,https://reiseauskunft.bahn.de/bin/bhftafel.exe/dn?ld=4370&country=DEU&protocol=https:&rt=1&input=Untereggendorf%238100331&time=09:45&date=23.01.24&ld=43110&productsFilter=1111100000&start=1&boardType=dep&,09:45,09:45,1,S60_006
Ebenfurth,https://reiseauskunft.bahn.de/bin/bhftafel.exe/dn?ld=4370&country=DEU&protocol=https:&rt=1&input=Ebenfurth%238100225&time=09:49&date=23.01.24&ld=43110&productsFilter=1111100000&start=1&boardType=dep&,09:49,09:49,3,S60_006
Pottendorf-Landegg,https://reiseauskunft.bahn.de/bin/bhftafel.exe/dn?ld=4370&country=DEU&protocol=https:&rt=1&input=Pottendorf-Landegg%238100525&time=09:53&date=23.01.24&ld=43110&productsFilter=1111100000&start=1&boardType=dep&,09:53,09:54,1,S60_006
Ebreichsdorf,https://reiseauskunft.bahn.de/bin/bhftafel.exe/dn?ld=4370&country=DEU&protocol=https:&rt=1&input=Ebreichsdorf%238100226&time=10:02&date=23.01.24&ld=43110&productsFilter=1111100000&start=1&boardType=dep&,10:02,10:18,1,S60_006
Münchendorf,https://reiseauskunft.bahn.de/bin/bhftafel.exe/dn?ld=4370&country=DEU&protocol=https:&rt=1&input=Münchendorf%238100423&time=10:23&date=23.01.24&ld=43110&productsFilter=1111100000&start=1&boardType=dep&,10:23,10:24,3,S60_006
Achau,https://reiseauskunft.bahn.de/bin/bhftafel.exe/dn?ld=4370&country=DEU&protocol=https:&rt=1&input=Achau%238100205&time=10:28&date=23.01.24&ld=43110&productsFilter=1111100000&start=1&boardType=dep&,10:28,10:28,2,S60_006
Hennersdorf b.Wien,https://reiseauskunft.bahn.de/bin/bhftafel.exe/dn?ld=4370&country=DEU&protocol=https:&rt=1&input=Hennersdorf b.Wien%238100925&time=10:31&date=23.01.24&ld=43110&productsFilter=1111100000&start=1&boardType=dep&,10:31,10:32,2,S60_006
Wien Blumental,https://reiseauskunft.bahn.de/bin/bhftafel.exe/dn?ld=4370&country=DEU&protocol=https:&rt=1&input=Wien Blumental%238101003&time=10:34&date=23.01.24&ld=43110&productsFilter=1111100000&start=1&boardType=dep&,10:34,10:35,1,S60_006
Wien Meidling,https://reiseauskunft.bahn.de/bin/bhftafel.exe/dn?ld=4370&country=DEU&protocol=https:&rt=1&input=Wien Meidling%238100514&time=10:41&date=23.01.24&ld=43110&productsFilter=1111100000&start=1&boardType=dep&,10:41,10:43,8,S60_006
Wien Hbf,https://reiseauskunft.bahn.de/bin/bhftafel.exe/dn?ld=4370&country=DEU&protocol=https:&rt=1&input=Wien Hbf%238103000&time=10:48&date=23.01.24&ld=43110&productsFilter=1111100000&start=1&boardType=dep&,10:48,10:51,12A-B,S60_006
Wien Grillgasse,https://reiseauskunft.bahn.de/bin/bhftafel.exe/dn?ld=4370&country=DEU&protocol=https:&rt=1&input=Wien Grillgasse%238101556&time=10:54&date=23.01.24&ld=43110&productsFilter=1111100000&start=1&boardType=dep&,10:54,10:55,2,S60_006
Kledering b.Wien,https://reiseauskunft.bahn.de/bin/bhftafel.exe/dn?ld=4370&country=DEU&protocol=https:&rt=1&input=Kledering b.Wien%238101051&time=10:59&date=23.01.24&ld=43110&productsFilter=1111100000&start=1&boardType=dep&,10:59,10:59,2,S60_006
Lanzendorf-Rannersdorf,https://reiseauskunft.bahn.de/bin/bhftafel.exe/dn?ld=4370&country=DEU&protocol=https:&rt=1&input=Lanzendorf-Rannersdorf%238101173&time=11:01&date=23.01.24&ld=43110&productsFilter=1111100000&start=1&boardType=dep&,11:01,11:02,2,S60_006
Himberg b.Wien,https://reiseauskunft.bahn.de/bin/bhftafel.exe/dn?ld=4370&country=DEU&protocol=https:&rt=1&input=Himberg b.Wien%238100950&time=11:05&date=23.01.24&ld=43110&productsFilter=1111100000&start=1&boardType=dep&,11:05,11:06,1,S60_006
Gramatneusiedl,https://reiseauskunft.bahn.de/bin/bhftafel.exe/dn?ld=4370&country=DEU&protocol=https:&rt=1&input=Gramatneusiedl%238100369&time=11:10&date=23.01.24&ld=43110&productsFilter=1111100000&start=1&boardType=dep&,11:10,11:11,3,S60_006
Götzendorf,https://reiseauskunft.bahn.de/bin/bhftafel.exe/dn?ld=4370&country=DEU&protocol=https:&rt=1&input=Götzendorf/Leitha%238100254&time=11:15&date=23.01.24&ld=43110&productsFilter=1111100000&start=1&boardType=dep&,11:15,11:16,2,S60_006
Trautmannsdorf an der Leitha,https://reiseauskunft.bahn.de/bin/bhftafel.exe/dn?ld=4370&country=DEU&protocol=https:&rt=1&input=Trautmannsdorf an der Leitha%238101653&time=11:19&date=23.01.24&ld=43110&productsFilter=1111100000&start=1&boardType=dep&,11:19,11:20,1,S60_006
Sarasdorf,https://reiseauskunft.bahn.de/bin/bhftafel.exe/dn?ld=4370&country=DEU&protocol=https:&rt=1&input=Sarasdorf%238101467&time=11:22&date=23.01.24&ld=43110&productsFilter=1111100000&start=1&boardType=dep&,11:22,11:23,1,S60_006
Wilfleinsdorf,https://reiseauskunft.bahn.de/bin/bhftafel.exe/dn?ld=4370&country=DEU&protocol=https:&rt=1&input=Wilfleinsdorf%238101771&time=11:25&date=23.01.24&ld=43110&productsFilter=1111100000&start=1&boardType=dep&,11:25,11:26,1,S60_006
Bruck,https://reiseauskunft.bahn.de/bin/bhftafel.exe/dn?ld=4370&country=DEU&protocol=https:&rt=1&input=Bruck/Leitha%238100198&time=11:31&date=23.01.24&ld=43110&productsFilter=1111100000&start=1&boardType=dep&,11:31, ,4A,S60_006
Wien Aspern Nord,https://reiseauskunft.bahn.de/bin/bhftafel.exe/dn?ld=43161&protocol=https:&rt=1&input=Wien Aspern Nord%238102888&time=10:10&date=23.01.24&ld=43110&productsFilter=1111100000&start=1&boardType=dep&, ,10:10,1,S80_007
Wien Hirschstetten,https://reiseauskunft.bahn.de/bin/bhftafel.exe/dn?ld=43161&protocol=https:&rt=1&input=Wien Hirschstetten%238100918&time=10:12&date=23.01.24&ld=43110&productsFilter=1111100000&start=1&boardType=dep&,10:12,10:13,1,S80_007
Wien Erzherzog-Karl-Straße,https://reiseauskunft.bahn.de/bin/bhftafel.exe/dn?ld=43161&protocol=https:&rt=1&input=Wien Erzherzog-Karl-Straße%238100756&time=10:14&date=23.01.24&ld=43110&productsFilter=1111100000&start=1&boardType=dep&,10:14,10:15,3,S80_007
Wien Stadlau,https://reiseauskunft.bahn.de/bin/bhftafel.exe/dn?ld=43161&protocol=https:&rt=1&input=Wien Stadlau%238104229&time=10:17&date=23.01.24&ld=43110&productsFilter=1111100000&start=1&boardType=dep&,10:17,10:20,1,S80_007
Wien Praterkai,https://reiseauskunft.bahn.de/bin/bhftafel.exe/dn?ld=43161&protocol=https:&rt=1&input=Wien Praterkai%238101539&time=10:22&date=23.01.24&ld=43110&productsFilter=1111100000&start=1&boardType=dep&,10:22,10:23,1,S80_007
Wien Haidestraße,https://reiseauskunft.bahn.de/bin/bhftafel.exe/dn?ld=43161&protocol=https:&rt=1&input=Wien Haidestraße%238100920&time=10:25&date=23.01.24&ld=43110&productsFilter=1111100000&start=1&boardType=dep&,10:25,10:26,1,S80_007
Wien Simmering,https://reiseauskunft.bahn.de/bin/bhftafel.exe/dn?ld=43161&protocol=https:&rt=1&input=Wien Simmering%238101553&time=10:28&date=23.01.24&ld=43110&productsFilter=1111100000&start=1&boardType=dep&,10:28,10:29,1,S80_007
Wien Hbf,https://reiseauskunft.bahn.de/bin/bhftafel.exe/dn?ld=43161&protocol=https:&rt=1&input=Wien Hbf%238103000&time=10:33&date=23.01.24&ld=43110&productsFilter=1111100000&start=1&boardType=dep&,10:33,10:35,3,S80_007
Wien Matzleinsdorfer Platz,https://reiseauskunft.bahn.de/bin/bhftafel.exe/dn?ld=43161&protocol=https:&rt=1&input=Wien Matzleinsdorfer Platz%238101227&time=10:37&date=23.01.24&ld=43110&productsFilter=1111100000&start=1&boardType=dep&,10:37,10:38,1,S80_007
Wien Meidling,https://reiseauskunft.bahn.de/bin/bhftafel.exe/dn?ld=43161&protocol=https:&rt=1&input=Wien Meidling%238100514&time=10:40&date=23.01.24&ld=43110&productsFilter=1111100000&start=1&boardType=dep&,10:40,10:41,1,S80_007
Wien Speising,https://reiseauskunft.bahn.de/bin/bhftafel.exe/dn?ld=43161&protocol=https:&rt=1&input=Wien Speising%238101853&time=10:45&date=23.01.24&ld=43110&productsFilter=1111100000&start=1&boardType=dep&,10:45,10:46,1,S80_007
Wien Hütteldorf,https://reiseauskunft.bahn.de/bin/bhftafel.exe/dn?ld=43161&protocol=https:&rt=1&input=Wien Hütteldorf%238100447&time=10:52&date=23.01.24&ld=43110&productsFilter=1111100000&start=1&boardType=dep&,10:52, ,6,S80_007
Wien Leopoldau,https://reiseauskunft.bahn.de/bin/bhftafel.exe/dn?ld=4358&protocol=https:&rt=1&input=Wien Leopoldau Bahnhst (U1)%238170129&time=12:19&date=16.01.24&ld=43110&productsFilter=1111111111&start=1&boardType=dep&rtMode=&, ,12:19,,U1_008
Wien Großfeldsiedlung,https://reiseauskunft.bahn.de/bin/bhftafel.exe/dn?ld=4358&protocol=https:&rt=1&input=Wien Großfeldsiedlung (U1)%238170606&time=12:20&date=16.01.24&ld=43110&productsFilter=1111111111&start=1&boardType=dep&rtMode=&,12:20,12:20,,U1_008
Wien Aderklaaer Straße,https://reiseauskunft.bahn.de/bin/bhftafel.exe/dn?ld=4358&protocol=https:&rt=1&input=Wien Aderklaaer Straße (U1)%238170830&time=12:22&date=16.01.24&ld=43110&productsFilter=1111111111&start=1&boardType=dep&rtMode=&,12:22,12:22,,U1_008
Wien Rennbahnweg,https://reiseauskunft.bahn.de/bin/bhftafel.exe/dn?ld=4358&protocol=https:&rt=1&input=Wien Rennbahnweg (U1)%238170228&time=12:23&date=16.01.24&ld=43110&productsFilter=1111111111&start=1&boardType=dep&rtMode=&,12:23,12:23,,U1_008
Wien Kagraner Platz,https://reiseauskunft.bahn.de/bin/bhftafel.exe/dn?ld=4358&protocol=https:&rt=1&input=Wien Kagraner Platz (U1)%238170815&time=12:24&date=16.01.24&ld=43110&productsFilter=1111111111&start=1&boardType=dep&rtMode=&,12:24,12:24,,U1_008
Wien Kagran,https://reiseauskunft.bahn.de/bin/bhftafel.exe/dn?ld=4358&protocol=https:&rt=1&input=Wien Kagran (U1)%238170022&time=12:26&date=16.01.24&ld=43110&productsFilter=1111111111&start=1&boardType=dep&rtMode=&,12:26,12:26,,U1_008
Wien Alte Donau,https://reiseauskunft.bahn.de/bin/bhftafel.exe/dn?ld=4358&protocol=https:&rt=1&input=Wien Alte Donau (U1)%238170002&time=12:28&date=16.01.24&ld=43110&productsFilter=1111111111&start=1&boardType=dep&rtMode=&,12:28,12:28,,U1_008
Wien Kaisermühlen VIC,https://reiseauskunft.bahn.de/bin/bhftafel.exe/dn?ld=4358&protocol=https:&rt=1&input=Wien Kaisermühlen VIC (U1)%238170023&time=12:29&date=16.01.24&ld=43110&productsFilter=1111111111&start=1&boardType=dep&rtMode=&,12:29,12:29,,U1_008
Wien Donauinsel,https://reiseauskunft.bahn.de/bin/bhftafel.exe/dn?ld=4358&protocol=https:&rt=1&input=Wien Donauinsel (U1)%238170008&time=12:30&date=16.01.24&ld=43110&productsFilter=1111111111&start=1&boardType=dep&rtMode=&,12:30,12:30,,U1_008
Wien Vorgartenstraße,https://reiseauskunft.bahn.de/bin/bhftafel.exe/dn?ld=4358&protocol=https:&rt=1&input=Wien Vorgartenstraße (U1)%238170065&time=12:32&date=16.01.24&ld=43110&productsFilter=1111111111&start=1&boardType=dep&rtMode=&,12:32,12:32,,U1_008
Wien Praterstern,https://reiseauskunft.bahn.de/bin/bhftafel.exe/dn?ld=4358&protocol=https:&rt=1&input=Wien Praterstern Bf (U1)%238170043&time=12:33&date=16.01.24&ld=43110&productsFilter=1111111111&start=1&boardType=dep&rtMode=&,12:33,12:33,,U1_008
Wien Nestroyplatz,https://reiseauskunft.bahn.de/bin/bhftafel.exe/dn?ld=4358&protocol=https:&rt=1&input=Wien Nestroyplatz (U1)%238170034&time=12:35&date=16.01.24&ld=43110&productsFilter=1111111111&start=1&boardType=dep&rtMode=&,12:35,12:35,,U1_008
Wien Schwedenplatz,https://reiseauskunft.bahn.de/bin/bhftafel.exe/dn?ld=4358&protocol=https:&rt=1&input=Wien Schwedenplatz (U1)%238170051&time=12:36&date=16.01.24&ld=43110&productsFilter=1111111111&start=1&boardType=dep&rtMode=&,12:36,12:36,,U1_008
Wien Stephansplatz,https://reiseauskunft.bahn.de/bin/bhftafel.exe/dn?ld=4358&protocol=https:&rt=1&input=Wien Stephansplatz (U1)%238170058&time=12:37&date=16.01.24&ld=43110&productsFilter=1111111111&start=1&boardType=dep&rtMode=&,12:37,12:37,,U1_008
Wien Karlsplatz,https://reiseauskunft.bahn.de/bin/bhftafel.exe/dn?ld=4358&protocol=https:&rt=1&input=Wien Karlsplatz (U1)%238170025&time=12:39&date=16.01.24&ld=43110&productsFilter=1111111111&start=1&boardType=dep&rtMode=&,12:39,12:39,,U1_008
Wien Taubstummengasse,https://reiseauskunft.bahn.de/bin/bhftafel.exe/dn?ld=4358&protocol=https:&rt=1&input=Wien Taubstummengasse (U1)%238170060&time=12:41&date=16.01.24&ld=43110&productsFilter=1111111111&start=1&boardType=dep&rtMode=&,12:41,12:41,,U1_008
Wien Hbf,https://reiseauskunft.bahn.de/bin/bhftafel.exe/dn?ld=4358&protocol=https:&rt=1&input=Wien Hbf/Südtiroler Platz (U1)%238170059&time=12:42&date=16.01.24&ld=43110&productsFilter=1111111111&start=1&boardType=dep&rtMode=&,12:42,12:42,,U1_008
Wien Keplerplatz,https://reiseauskunft.bahn.de/bin/bhftafel.exe/dn?ld=4358&protocol=https:&rt=1&input=Wien Keplerplatz (U1)%238170026&time=12:44&date=16.01.24&ld=43110&productsFilter=1111111111&start=1&boardType=dep&rtMode=&,12:44,12:44,,U1_008
Wien Reumannplatz,https://reiseauskunft.bahn.de/bin/bhftafel.exe/dn?ld=4358&protocol=https:&rt=1&input=Wien Reumannplatz (U1)%238170046&time=12:45&date=16.01.24&ld=43110&productsFilter=1111111111&start=1&boardType=dep&rtMode=&,12:45,12:45,,U1_008
Wien Troststraße,https://reiseauskunft.bahn.de/bin/bhftafel.exe/dn?ld=4358&protocol=https:&rt=1&input=Wien Troststraße (U1)%238180052&time=12:46&date=16.01.24&ld=43110&productsFilter=1111111111&start=1&boardType=dep&rtMode=&,12:46,12:46,,U1_008
Wien Altes Landgut,https://reiseauskunft.bahn.de/bin/bhftafel.exe/dn?ld=4358&protocol=https:&rt=1&input=Wien Altes Landgut (U1)%238180028&time=12:47&date=16.01.24&ld=43110&productsFilter=1111111111&start=1&boardType=dep&rtMode=&,12:47,12:47,,U1_008
Wien Alaudagasse,https://reiseauskunft.bahn.de/bin/bhftafel.exe/dn?ld=4358&protocol=https:&rt=1&input=Wien Alaudagasse (U1)%238180053&time=12:49&date=16.01.24&ld=43110&productsFilter=1111111111&start=1&boardType=dep&rtMode=&,12:49,12:49,,U1_008
Wien Neulaa,https://reiseauskunft.bahn.de/bin/bhftafel.exe/dn?ld=4358&protocol=https:&rt=1&input=Wien Neulaa (U1)%238110051&time=12:51&date=16.01.24&ld=43110&productsFilter=1111111111&start=1&boardType=dep&rtMode=&,12:51,12:51,,U1_008
Wien Oberlaa,https://reiseauskunft.bahn.de/bin/bhftafel.exe/dn?ld=4358&protocol=https:&rt=1&input=Wien Oberlaa (U1)%238170176&time=12:52&date=16.01.24&ld=43110&productsFilter=1111111111&start=1&boardType=dep&rtMode=&,12:52, ,,U1_008
Wien Seestadt,https://reiseauskunft.bahn.de/bin/bhftafel.exe/dn?ld=43102&country=DEU&protocol=https:&rt=1&input=Wien Seestadt (U2)%238170082&time=13:06&date=16.01.24&ld=43110&productsFilter=1111111111&start=1&boardType=dep&rtMode=&, ,13:06,,U2_009
Wien Aspern Nord,https://reiseauskunft.bahn.de/bin/bhftafel.exe/dn?ld=43102&country=DEU&protocol=https:&rt=1&input=Wien Aspern Nord Bf (U2)%238170079&time=13:08&date=16.01.24&ld=43110&productsFilter=1111111111&start=1&boardType=dep&rtMode=&,13:08,13:08,,U2_009
Wien Hausfeldstraße,https://reiseauskunft.bahn.de/bin/bhftafel.exe/dn?ld=43102&country=DEU&protocol=https:&rt=1&input=Wien Hausfeldstraße (U2)%238170081&time=13:10&date=16.01.24&ld=43110&productsFilter=1111111111&start=1&boardType=dep&rtMode=&,13:10,13:10,,U2_009
Wien Aspernstraße,https://reiseauskunft.bahn.de/bin/bhftafel.exe/dn?ld=43102&country=DEU&protocol=https:&rt=1&input=Wien Aspernstraße (U2)%238170639&time=13:11&date=16.01.24&ld=43110&productsFilter=1111111111&start=1&boardType=dep&rtMode=&,13:11,13:11,,U2_009
Wien Donauspital,https://reiseauskunft.bahn.de/bin/bhftafel.exe/dn?ld=43102&country=DEU&protocol=https:&rt=1&input=Wien Donauspital (U2)%238170297&time=13:12&date=16.01.24&ld=43110&productsFilter=1111111111&start=1&boardType=dep&rtMode=&,13:12,13:12,,U2_009
Wien Hardeggasse,https://reiseauskunft.bahn.de/bin/bhftafel.exe/dn?ld=43102&country=DEU&protocol=https:&rt=1&input=Wien Hardeggasse (U2)%238170193&time=13:13&date=16.01.24&ld=43110&productsFilter=1111111111&start=1&boardType=dep&rtMode=&,13:13,13:13,,U2_009
Wien Stadlau,https://reiseauskunft.bahn.de/bin/bhftafel.exe/dn?ld=43102&country=DEU&protocol=https:&rt=1&input=Wien Stadlau Bahnhst (U2)%238170925&time=13:14&date=16.01.24&ld=43110&productsFilter=1111111111&start=1&boardType=dep&rtMode=&,13:14,13:14,,U2_009
Wien Donaustadtbrücke,https://reiseauskunft.bahn.de/bin/bhftafel.exe/dn?ld=43102&country=DEU&protocol=https:&rt=1&input=Wien Donaustadtbrücke (U2)%238170381&time=13:16&date=16.01.24&ld=43110&productsFilter=1111111111&start=1&boardType=dep&rtMode=&,13:16,13:16,,U2_009
Wien Donaumarina,https://reiseauskunft.bahn.de/bin/bhftafel.exe/dn?ld=43102&country=DEU&protocol=https:&rt=1&input=Wien Donaumarina (U2)%238170611&time=13:18&date=16.01.24&ld=43110&productsFilter=1111111111&start=1&boardType=dep&rtMode=&,13:18,13:18,,U2_009
Wien Stadion,https://reiseauskunft.bahn.de/bin/bhftafel.exe/dn?ld=43102&country=DEU&protocol=https:&rt=1&input=Wien Stadion (U2)%238170616&time=13:20&date=16.01.24&ld=43110&productsFilter=1111111111&start=1&boardType=dep&rtMode=&,13:20,13:20,,U2_009
Wien Krieau,https://reiseauskunft.bahn.de/bin/bhftafel.exe/dn?ld=43102&country=DEU&protocol=https:&rt=1&input=Wien Krieau (U2)%238170448&time=13:21&date=16.01.24&ld=43110&productsFilter=1111111111&start=1&boardType=dep&rtMode=&,13:21,13:21,,U2_009
Wien Messe-Prater,https://reiseauskunft.bahn.de/bin/bhftafel.exe/dn?ld=43102&country=DEU&protocol=https:&rt=1&input=Wien Messe-Prater (U2)%238170412&time=13:22&date=16.01.24&ld=43110&productsFilter=1111111111&start=1&boardType=dep&rtMode=&,13:22,13:22,,U2_009
Wien Praterstern,https://reiseauskunft.bahn.de/bin/bhftafel.exe/dn?ld=43102&country=DEU&protocol=https:&rt=1&input=Wien Praterstern Bf (U2)%238170427&time=13:24&date=16.01.24&ld=43110&productsFilter=1111111111&start=1&boardType=dep&rtMode=&,13:24,13:24,,U2_009
Wien Taborstraße,https://reiseauskunft.bahn.de/bin/bhftafel.exe/dn?ld=43102&country=DEU&protocol=https:&rt=1&input=Wien Taborstraße (U2)%238170938&time=13:25&date=16.01.24&ld=43110&productsFilter=1111111111&start=1&boardType=dep&rtMode=&,13:25,13:25,,U2_009
Wien Schottenring,https://reiseauskunft.bahn.de/bin/bhftafel.exe/dn?ld=43102&country=DEU&protocol=https:&rt=1&input=Wien Schottenring (U2)%238170049&time=13:27&date=16.01.24&ld=43110&productsFilter=1111111111&start=1&boardType=dep&rtMode=&,13:27,13:27,,U2_009
Wien Schottentor,https://reiseauskunft.bahn.de/bin/bhftafel.exe/dn?ld=43102&country=DEU&protocol=https:&rt=1&input=Wien Schottentor (U2)%238170050&time=13:29&date=16.01.24&ld=43110&productsFilter=1111111111&start=1&boardType=dep&rtMode=&,13:29, ,,U2_009
Wien Simmering,https://reiseauskunft.bahn.de/bin/bhftafel.exe/dn?ld=4370&country=DEU&protocol=https:&rt=1&input=Wien Simmering Bahnhof (U3)%238170076&time=13:17&date=16.01.24&ld=43110&productsFilter=1111111111&start=1&boardType=dep&rtMode=&, ,13:17,,U3_010
Wien Enkplatz,https://reiseauskunft.bahn.de/bin/bhftafel.exe/dn?ld=4370&country=DEU&protocol=https:&rt=1&input=Wien Enkplatz (U3)%238170075&time=13:18&date=16.01.24&ld=43110&productsFilter=1111111111&start=1&boardType=dep&rtMode=&,13:18,13:18,,U3_010
Wien Zippererstraße,https://reiseauskunft.bahn.de/bin/bhftafel.exe/dn?ld=4370&country=DEU&protocol=https:&rt=1&input=Wien Zippererstraße (U3)%238170074&time=13:19&date=16.01.24&ld=43110&productsFilter=1111111111&start=1&boardType=dep&rtMode=&,13:19,13:19,,U3_010
Wien Gasometer,https://reiseauskunft.bahn.de/bin/bhftafel.exe/dn?ld=4370&country=DEU&protocol=https:&rt=1&input=Wien Gasometer (U3)%238170073&time=13:20&date=16.01.24&ld=43110&productsFilter=1111111111&start=1&boardType=dep&rtMode=&,13:20,13:20,,U3_010
Wien Erdberg,https://reiseauskunft.bahn.de/bin/bhftafel.exe/dn?ld=4370&country=DEU&protocol=https:&rt=1&input=Wien Erdberg (U3)%238170011&time=13:22&date=16.01.24&ld=43110&productsFilter=1111111111&start=1&boardType=dep&rtMode=&,13:22,13:22,,U3_010
Wien Schlachthausgasse,https://reiseauskunft.bahn.de/bin/bhftafel.exe/dn?ld=4370&country=DEU&protocol=https:&rt=1&input=Wien Schlachthausgasse (U3)%238170052&time=13:23&date=16.01.24&ld=43110&productsFilter=1111111111&start=1&boardType=dep&rtMode=&,13:23,13:23,,U3_010
Wien Kardinal-Nagl-Platz,https://reiseauskunft.bahn.de/bin/bhftafel.exe/dn?ld=4370&country=DEU&protocol=https:&rt=1&input=Wien Kardinal-Nagl-Platz (U3)%238170024&time=13:24&date=16.01.24&ld=43110&productsFilter=1111111111&start=1&boardType=dep&rtMode=&,13:24,13:24,,U3_010
Wien Rochusgasse,https://reiseauskunft.bahn.de/bin/bhftafel.exe/dn?ld=4370&country=DEU&protocol=https:&rt=1&input=Wien Rochusgasse (U3)%238170047&time=13:25&date=16.01.24&ld=43110&productsFilter=1111111111&start=1&boardType=dep&rtMode=&,13:25,13:25,,U3_010
Wien Mitte,https://reiseauskunft.bahn.de/bin/bhftafel.exe/dn?ld=4370&country=DEU&protocol=https:&rt=1&input=Wien Mitte-Landstraße Bf (U3)%238170028&time=13:27&date=16.01.24&ld=43110&productsFilter=1111111111&start=1&boardType=dep&rtMode=&,13:27,13:27,,U3_010
Wien Stubentor,https://reiseauskunft.bahn.de/bin/bhftafel.exe/dn?ld=4370&country=DEU&protocol=https:&rt=1&input=Wien Stubentor (U3)%238170009&time=13:28&date=16.01.24&ld=43110&productsFilter=1111111111&start=1&boardType=dep&rtMode=&,13:28,13:28,,U3_010
Wien Stephansplatz,https://reiseauskunft.bahn.de/bin/bhftafel.exe/dn?ld=4370&country=DEU&protocol=https:&rt=1&input=Wien Stephansplatz (U3)%238101998&time=13:29&date=16.01.24&ld=43110&productsFilter=1111111111&start=1&boardType=dep&rtMode=&,13:29,13:29,,U3_010
Wien Herrengasse,https://reiseauskunft.bahn.de/bin/bhftafel.exe/dn?ld=4370&country=DEU&protocol=https:&rt=1&input=Wien Herrengasse (U3)%238170017&time=13:31&date=16.01.24&ld=43110&productsFilter=1111111111&start=1&boardType=dep&rtMode=&,13:31,13:31,,U3_010
Wien Volkstheater,https://reiseauskunft.bahn.de/bin/bhftafel.exe/dn?ld=4370&country=DEU&protocol=https:&rt=1&input=Wien Volkstheater (U3)%238102003&time=13:32&date=16.01.24&ld=43110&productsFilter=1111111111&start=1&boardType=dep&rtMode=&,13:32,13:32,,U3_010
Wien Neubaugasse,https://reiseauskunft.bahn.de/bin/bhftafel.exe/dn?ld=4370&country=DEU&protocol=https:&rt=1&input=Wien Neubaugasse (U3)%238170004&time=13:34&date=16.01.24&ld=43110&productsFilter=1111111111&start=1&boardType=dep&rtMode=&,13:34,13:34,,U3_010
Wien Zieglergasse,https://reiseauskunft.bahn.de/bin/bhftafel.exe/dn?ld=4370&country=DEU&protocol=https:&rt=1&input=Wien Zieglergasse (U3)%238170069&time=13:35&date=16.01.24&ld=43110&productsFilter=1111111111&start=1&boardType=dep&rtMode=&,13:35,13:35,,U3_010
Wien Westbahnhof,https://reiseauskunft.bahn.de/bin/bhftafel.exe/dn?ld=4370&country=DEU&protocol=https:&rt=1&input=Wien Westbahnhof (U3)%238170066&time=13:36&date=16.01.24&ld=43110&productsFilter=1111111111&start=1&boardType=dep&rtMode=&,13:36,13:36,,U3_010
Wien Schweglerstraße,https://reiseauskunft.bahn.de/bin/bhftafel.exe/dn?ld=4370&country=DEU&protocol=https:&rt=1&input=Wien Schweglerstraße (U3)%238170053&time=13:38&date=16.01.24&ld=43110&productsFilter=1111111111&start=1&boardType=dep&rtMode=&,13:38,13:38,,U3_010
Wien Johnstraße,https://reiseauskunft.bahn.de/bin/bhftafel.exe/dn?ld=4370&country=DEU&protocol=https:&rt=1&input=Wien Johnstraße (U3)%238170020&time=13:40&date=16.01.24&ld=43110&productsFilter=1111111111&start=1&boardType=dep&rtMode=&,13:40,13:40,,U3_010
Wien Hütteldorfer Straße,https://reiseauskunft.bahn.de/bin/bhftafel.exe/dn?ld=4370&country=DEU&protocol=https:&rt=1&input=Wien Hütteldorfer Straße (U3)%238170042&time=13:41&date=16.01.24&ld=43110&productsFilter=1111111111&start=1&boardType=dep&rtMode=&,13:41,13:41,,U3_010
Wien Kendlerstraße,https://reiseauskunft.bahn.de/bin/bhftafel.exe/dn?ld=4370&country=DEU&protocol=https:&rt=1&input=Wien Kendlerstraße (U3)%238170057&time=13:42&date=16.01.24&ld=43110&productsFilter=1111111111&start=1&boardType=dep&rtMode=&,13:42,13:42,,U3_010
Wien Ottakring Bahnhst,https://reiseauskunft.bahn.de/bin/bhftafel.exe/dn?ld=4370&country=DEU&protocol=https:&rt=1&input=Wien Ottakring Bahnhst (U3)%238170038&time=13:43&date=16.01.24&ld=43110&productsFilter=1111111111&start=1&boardType=dep&rtMode=&,13:43, ,,U3_010
Wien Heiligenstadt Bf,https://reiseauskunft.bahn.de/bin/bhftafel.exe/dn?ld=4358&country=DEU&protocol=https:&rt=1&input=Wien Heiligenstadt Bf (U4)%238170015&time=13:22&date=16.01.24&ld=43110&productsFilter=1111111111&start=1&boardType=dep&rtMode=&, ,13:22,,U4_011
Wien Spittelau Bahnhst,https://reiseauskunft.bahn.de/bin/bhftafel.exe/dn?ld=4358&country=DEU&protocol=https:&rt=1&input=Wien Spittelau Bahnhst (U4)%238170044&time=13:24&date=16.01.24&ld=43110&productsFilter=1111111111&start=1&boardType=dep&rtMode=&,13:24,13:24,,U4_011
Wien Friedensbrücke,https://reiseauskunft.bahn.de/bin/bhftafel.exe/dn?ld=4358&country=DEU&protocol=https:&rt=1&input=Wien Friedensbrücke (U4)%238170013&time=13:25&date=16.01.24&ld=43110&productsFilter=1111111111&start=1&boardType=dep&rtMode=&,13:25,13:25,,U4_011
Wien Roßauer Lände,https://reiseauskunft.bahn.de/bin/bhftafel.exe/dn?ld=4358&country=DEU&protocol=https:&rt=1&input=Wien Roßauer Lände (U4)%238170048&time=13:27&date=16.01.24&ld=43110&productsFilter=1111111111&start=1&boardType=dep&rtMode=&,13:27,13:27,,U4_011
Wien Schottenring,https://reiseauskunft.bahn.de/bin/bhftafel.exe/dn?ld=4358&country=DEU&protocol=https:&rt=1&input=Wien Schottenring (U4)%238170248&time=13:28&date=16.01.24&ld=43110&productsFilter=1111111111&start=1&boardType=dep&rtMode=&,13:28,13:28,,U4_011
Wien Schwedenplatz,https://reiseauskunft.bahn.de/bin/bhftafel.exe/dn?ld=4358&country=DEU&protocol=https:&rt=1&input=Wien Schwedenplatz (U4)%238101997&time=13:30&date=16.01.24&ld=43110&productsFilter=1111111111&start=1&boardType=dep&rtMode=&,13:30,13:30,,U4_011
Wien Mitte,https://reiseauskunft.bahn.de/bin/bhftafel.exe/dn?ld=4358&country=DEU&protocol=https:&rt=1&input=Wien Mitte-Landstraße Bf (U4)%238101999&time=13:31&date=16.01.24&ld=43110&productsFilter=1111111111&start=1&boardType=dep&rtMode=&,13:31,13:31,,U4_011
Wien Stadtpark,https://reiseauskunft.bahn.de/bin/bhftafel.exe/dn?ld=4358&country=DEU&protocol=https:&rt=1&input=Wien Stadtpark (U4)%238170056&time=13:33&date=16.01.24&ld=43110&productsFilter=1111111111&start=1&boardType=dep&rtMode=&,13:33,13:33,,U4_011
Wien Karlsplatz,https://reiseauskunft.bahn.de/bin/bhftafel.exe/dn?ld=4358&country=DEU&protocol=https:&rt=1&input=Wien Karlsplatz (U4)%238102001&time=13:34&date=16.01.24&ld=43110&productsFilter=1111111111&start=1&boardType=dep&rtMode=&,13:34,13:34,,U4_011
Wien Kettenbrückengasse,https://reiseauskunft.bahn.de/bin/bhftafel.exe/dn?ld=4358&country=DEU&protocol=https:&rt=1&input=Wien Kettenbrückengasse (U4)%238170027&time=13:36&date=16.01.24&ld=43110&productsFilter=1111111111&start=1&boardType=dep&rtMode=&,13:36,13:36,,U4_011
Wien Pilgramgasse,https://reiseauskunft.bahn.de/bin/bhftafel.exe/dn?ld=4358&country=DEU&protocol=https:&rt=1&input=Wien Pilgramgasse (U4)%238170041&time=13:37&date=16.01.24&ld=43110&productsFilter=1111111111&start=1&boardType=dep&rtMode=&,13:37,13:37,,U4_011
Wien Margaretengürtel,https://reiseauskunft.bahn.de/bin/bhftafel.exe/dn?ld=4358&country=DEU&protocol=https:&rt=1&input=Wien Margaretengürtel (U4)%238170031&time=13:39&date=16.01.24&ld=43110&productsFilter=1111111111&start=1&boardType=dep&rtMode=&,13:39,13:39,,U4_011
Wien Längenfeldgasse,https://reiseauskunft.bahn.de/bin/bhftafel.exe/dn?ld=4358&country=DEU&protocol=https:&rt=1&input=Wien Längenfeldgasse (U4/U6)%238170029&time=13:41&date=16.01.24&ld=43110&productsFilter=1111111111&start=1&boardType=dep&rtMode=&,13:41,13:41,,U4_011
Wien Meidling Hauptstraße,https://reiseauskunft.bahn.de/bin/bhftafel.exe/dn?ld=4358&country=DEU&protocol=https:&rt=1&input=Wien Meidling Hauptstraße (U4)%238170032&time=13:42&date=16.01.24&ld=43110&productsFilter=1111111111&start=1&boardType=dep&rtMode=&,13:42,13:42,,U4_011
Wien Schönbrunn,https://reiseauskunft.bahn.de/bin/bhftafel.exe/dn?ld=4358&country=DEU&protocol=https:&rt=1&input=Wien Schönbrunn (U4)%238170054&time=13:44&date=16.01.24&ld=43110&productsFilter=1111111111&start=1&boardType=dep&rtMode=&,13:44,13:44,,U4_011
Wien Hietzing,https://reiseauskunft.bahn.de/bin/bhftafel.exe/dn?ld=4358&country=DEU&protocol=https:&rt=1&input=Wien Hietzing (U4)%238170018&time=13:46&date=16.01.24&ld=43110&productsFilter=1111111111&start=1&boardType=dep&rtMode=&,13:46,13:46,,U4_011
Wien Braunschweiggasse,https://reiseauskunft.bahn.de/bin/bhftafel.exe/dn?ld=4358&country=DEU&protocol=https:&rt=1&input=Wien Braunschweiggasse (U4)%238170006&time=13:47&date=16.01.24&ld=43110&productsFilter=1111111111&start=1&boardType=dep&rtMode=&,13:47,13:47,,U4_011
Wien Unter St.Veit,https://reiseauskunft.bahn.de/bin/bhftafel.exe/dn?ld=4358&country=DEU&protocol=https:&rt=1&input=Wien Unter St.Veit (U4)%238170063&time=13:48&date=16.01.24&ld=43110&productsFilter=1111111111&start=1&boardType=dep&rtMode=&,13:48,13:48,,U4_011
Wien Ober St.Veit,https://reiseauskunft.bahn.de/bin/bhftafel.exe/dn?ld=4358&country=DEU&protocol=https:&rt=1&input=Wien Ober St.Veit (U4)%238170037&time=13:50&date=16.01.24&ld=43110&productsFilter=1111111111&start=1&boardType=dep&rtMode=&,13:50,13:50,,U4_011
Wien Hütteldorf,https://reiseauskunft.bahn.de/bin/bhftafel.exe/dn?ld=4358&country=DEU&protocol=https:&rt=1&input=Wien Hütteldorf Bf (U4)%238170019&time=13:52&date=16.01.24&ld=43110&productsFilter=1111111111&start=1&boardType=dep&rtMode=&,13:52, ,,U4_011
Wien Floridsdorf,https://reiseauskunft.bahn.de/bin/bhftafel.exe/dn?ld=43161&protocol=https:&rt=1&input=Wien Floridsdorf Bf (U6)%238170012&time=09:56&date=23.01.24&ld=43110&productsFilter=1111111111&start=1&boardType=dep&, ,09:56,,U6_012
Wien Neue Donau,https://reiseauskunft.bahn.de/bin/bhftafel.exe/dn?ld=43161&protocol=https:&rt=1&input=Wien Neue Donau (U6)%238170071&time=09:58&date=23.01.24&ld=43110&productsFilter=1111111111&start=1&boardType=dep&,09:58,09:58,,U6_012
Wien Handelskai Bahnhst,https://reiseauskunft.bahn.de/bin/bhftafel.exe/dn?ld=43161&protocol=https:&rt=1&input=Wien Handelskai Bahnhst (U6)%238170072&time=09:59&date=23.01.24&ld=43110&productsFilter=1111111111&start=1&boardType=dep&,09:59,09:59,,U6_012
Wien Dresdner Straße,https://reiseauskunft.bahn.de/bin/bhftafel.exe/dn?ld=43161&protocol=https:&rt=1&input=Wien Dresdner Straße (U6)%238170016&time=10:00&date=23.01.24&ld=43110&productsFilter=1111111111&start=1&boardType=dep&,10:00,10:00,,U6_012
Wien Jägerstraße,https://reiseauskunft.bahn.de/bin/bhftafel.exe/dn?ld=43161&protocol=https:&rt=1&input=Wien Jägerstraße (U6)%238170070&time=10:02&date=23.01.24&ld=43110&productsFilter=1111111111&start=1&boardType=dep&,10:02,10:02,,U6_012
Wien Spittelau Bahnhst,https://reiseauskunft.bahn.de/bin/bhftafel.exe/dn?ld=43161&protocol=https:&rt=1&input=Wien Spittelau Bahnhst (U6)%238102004&time=10:03&date=23.01.24&ld=43110&productsFilter=1111111111&start=1&boardType=dep&,10:03,10:03,,U6_012
Wien Nußdorfer Straße,https://reiseauskunft.bahn.de/bin/bhftafel.exe/dn?ld=43161&protocol=https:&rt=1&input=Wien Nußdorfer Straße (U6)%238170036&time=10:05&date=23.01.24&ld=43110&productsFilter=1111111111&start=1&boardType=dep&,10:05,10:05,,U6_012
Wien Währinger Straße-Volksoper,https://reiseauskunft.bahn.de/bin/bhftafel.exe/dn?ld=43161&protocol=https:&rt=1&input=Wien Währinger Straße-Volksoper (U6)%238170068&time=10:06&date=23.01.24&ld=43110&productsFilter=1111111111&start=1&boardType=dep&,10:06,10:06,,U6_012
Wien Michelbeuern-AKH,https://reiseauskunft.bahn.de/bin/bhftafel.exe/dn?ld=43161&protocol=https:&rt=1&input=Wien Michelbeuern-AKH (U6)%238170033&time=10:08&date=23.01.24&ld=43110&productsFilter=1111111111&start=1&boardType=dep&,10:08,10:08,,U6_012
Wien Alser Straße,https://reiseauskunft.bahn.de/bin/bhftafel.exe/dn?ld=43161&protocol=https:&rt=1&input=Wien Alser Straße (U6)%238170001&time=10:09&date=23.01.24&ld=43110&productsFilter=1111111111&start=1&boardType=dep&,10:09,10:09,,U6_012
Wien Josefstädter Straße,https://reiseauskunft.bahn.de/bin/bhftafel.exe/dn?ld=43161&protocol=https:&rt=1&input=Wien Josefstädter Straße (U6)%238170021&time=10:10&date=23.01.24&ld=43110&productsFilter=1111111111&start=1&boardType=dep&,10:10,10:10,,U6_012
Wien Thaliastraße,https://reiseauskunft.bahn.de/bin/bhftafel.exe/dn?ld=43161&protocol=https:&rt=1&input=Wien Thaliastraße (U6)%238170061&time=10:11&date=23.01.24&ld=43110&productsFilter=1111111111&start=1&boardType=dep&,10:11,10:11,,U6_012
Wien Burggasse-Stadthalle,https://reiseauskunft.bahn.de/bin/bhftafel.exe/dn?ld=43161&protocol=https:&rt=1&input=Wien Burggasse-Stadthalle (U6)%238170007&time=10:12&date=23.01.24&ld=43110&productsFilter=1111111111&start=1&boardType=dep&,10:12,10:12,,U6_012
Wien Westbahnhof,https://reiseauskunft.bahn.de/bin/bhftafel.exe/dn?ld=43161&protocol=https:&rt=1&input=Wien Westbahnhof (U6)%238102005&time=10:14&date=23.01.24&ld=43110&productsFilter=1111111111&start=1&boardType=dep&,10:14,10:14,,U6_012
Wien Gumpendorfer Straße,https://reiseauskunft.bahn.de/bin/bhftafel.exe/dn?ld=43161&protocol=https:&rt=1&input=Wien Gumpendorfer Straße (U6)%238170014&time=10:16&date=23.01.24&ld=43110&productsFilter=1111111111&start=1&boardType=dep&,10:16,10:16,,U6_012
Wien Längenfeldgasse,https://reiseauskunft.bahn.de/bin/bhftafel.exe/dn?ld=43161&protocol=https:&rt=1&input=Wien Längenfeldgasse (U4/U6)%238170029&time=10:18&date=23.01.24&ld=43110&productsFilter=1111111111&start=1&boardType=dep&,10:18,10:18,,U6_012
Wien Niederhofstraße,https://reiseauskunft.bahn.de/bin/bhftafel.exe/dn?ld=43161&protocol=https:&rt=1&input=Wien Niederhofstraße (U6)%238170035&time=10:19&date=23.01.24&ld=43110&productsFilter=1111111111&start=1&boardType=dep&,10:19,10:19,,U6_012
Wien Meidling,https://reiseauskunft.bahn.de/bin/bhftafel.exe/dn?ld=43161&protocol=https:&rt=1&input=Wien Meidling Bf (U6)%238170040&time=10:21&date=23.01.24&ld=43110&productsFilter=1111111111&start=1&boardType=dep&,10:21,10:21,,U6_012
Wien Tscherttegasse,https://reiseauskunft.bahn.de/bin/bhftafel.exe/dn?ld=43161&protocol=https:&rt=1&input=Wien Tscherttegasse (U6)%238170062&time=10:23&date=23.01.24&ld=43110&productsFilter=1111111111&start=1&boardType=dep&,10:23,10:23,,U6_012
Wien Am Schöpfwerk,https://reiseauskunft.bahn.de/bin/bhftafel.exe/dn?ld=43161&protocol=https:&rt=1&input=Wien Am Schöpfwerk (U6)%238170003&time=10:24&date=23.01.24&ld=43110&productsFilter=1111111111&start=1&boardType=dep&,10:24,10:24,,U6_012
Wien Alterlaa,https://reiseauskunft.bahn.de/bin/bhftafel.exe/dn?ld=43161&protocol=https:&rt=1&input=Wien Alterlaa (U6)%238170067&time=10:26&date=23.01.24&ld=43110&productsFilter=1111111111&start=1&boardType=dep&,10:26,10:26,,U6_012
Wien Erlaaer Straße,https://reiseauskunft.bahn.de/bin/bhftafel.exe/dn?ld=43161&protocol=https:&rt=1&input=Wien Erlaaer Straße (U6)%238170010&time=10:28&date=23.01.24&ld=43110&productsFilter=1111111111&start=1&boardType=dep&,10:28,10:28,,U6_012
Wien Perfektastraße,https://reiseauskunft.bahn.de/bin/bhftafel.exe/dn?ld=43161&protocol=https:&rt=1&input=Wien Perfektastraße (U6)%238170039&time=10:29&date=23.01.24&ld=43110&productsFilter=1111111111&start=1&boardType=dep&,10:29,10:29,,U6_012
Wien Siebenhirten,https://reiseauskunft.bahn.de/bin/bhftafel.exe/dn?ld=43161&protocol=https:&rt=1&input=Wien Siebenhirten (U6)%238170055&time=10:30&date=23.01.24&ld=43110&productsFilter=1111111111&start=1&boardType=dep&,10:30, ,,U6_012
Wien Burggasse-Stadthalle,https://reiseauskunft.bahn.de/bin/bhftafel.exe/dn?ld=43157&protocol=https:&rt=1&input=Wien Burggasse-Stadthalle (Äußerer Neubaugürtel)%238170078&time=13:12&date=16.01.24&ld=43110&productsFilter=1111111111&start=1&boardType=dep&rtMode=&, ,13:12,,STR18_013
Wien Urban-Loritz-Platz,https://reiseauskunft.bahn.de/bin/bhftafel.exe/dn?ld=43157&protocol=https:&rt=1&input=Wien Urban-Loritz-Platz (Mitte)%238180719&time=13:13&date=16.01.24&ld=43110&productsFilter=1111111111&start=1&boardType=dep&rtMode=&,13:13,13:13,,STR18_013
Wien Westbahnhof,https://reiseauskunft.bahn.de/bin/bhftafel.exe/dn?ld=43157&protocol=https:&rt=1&input=Wien Westbahnhof (Neubaugürtel Mitte/Westeingang)%238101992&time=13:15&date=16.01.24&ld=43110&productsFilter=1111111111&start=1&boardType=dep&rtMode=&,13:15,13:15,,STR18_013
Wien Mariahilfer Gürtel,https://reiseauskunft.bahn.de/bin/bhftafel.exe/dn?ld=43157&protocol=https:&rt=1&input=Wien Mariahilfer Gürtel%238171838&time=13:17&date=16.01.24&ld=43110&productsFilter=1111111111&start=1&boardType=dep&rtMode=&,13:17,13:17,,STR18_013
Wien Gumpendorfer Straße,https://reiseauskunft.bahn.de/bin/bhftafel.exe/dn?ld=43157&protocol=https:&rt=1&input=Wien Gumpendorfer Straße (Gumpendorfer Gürtel)%238101995&time=13:18&date=16.01.24&ld=43110&productsFilter=1111111111&start=1&boardType=dep&rtMode=&,13:18,13:18,,STR18_013
Wien Margaretengürtel,https://reiseauskunft.bahn.de/bin/bhftafel.exe/dn?ld=43157&protocol=https:&rt=1&input=Wien Margaretengürtel (Straßenbahn)%238101994&time=13:20&date=16.01.24&ld=43110&productsFilter=1111111111&start=1&boardType=dep&rtMode=&,13:20,13:20,,STR18_013
Wien Arbeitergasse,https://reiseauskunft.bahn.de/bin/bhftafel.exe/dn?ld=43157&protocol=https:&rt=1&input=Wien Arbeitergasse/Gürtel%238102002&time=13:22&date=16.01.24&ld=43110&productsFilter=1111111111&start=1&boardType=dep&rtMode=&,13:22,13:22,,STR18_013
Wien Eichenstraße,https://reiseauskunft.bahn.de/bin/bhftafel.exe/dn?ld=43157&protocol=https:&rt=1&input=Wien Eichenstraße (Tiefgeschoß)%238100768&time=13:24&date=16.01.24&ld=43110&productsFilter=1111111111&start=1&boardType=dep&rtMode=&,13:24,13:24,,STR18_013
Wien Matzleinsdorfer Platz,https://reiseauskunft.bahn.de/bin/bhftafel.exe/dn?ld=43157&protocol=https:&rt=1&input=Wien Matzleinsdorfer Platz (Tiefgeschoß)%238100385&time=13:26&date=16.01.24&ld=43110&productsFilter=1111111111&start=1&boardType=dep&rtMode=&,13:26,13:26,,STR18_013
Wien Kliebergasse,https://reiseauskunft.bahn.de/bin/bhftafel.exe/dn?ld=43157&protocol=https:&rt=1&input=Wien Kliebergasse (Tiefgeschoß)%238101040&time=13:27&date=16.01.24&ld=43110&productsFilter=1111111111&start=1&boardType=dep&rtMode=&,13:27,13:27,,STR18_013
Wien Blechturmgasse,https://reiseauskunft.bahn.de/bin/bhftafel.exe/dn?ld=43157&protocol=https:&rt=1&input=Wien Blechturmgasse (Tiefgeschoß)%238179684&time=13:28&date=16.01.24&ld=43110&productsFilter=1111111111&start=1&boardType=dep&rtMode=&,13:28,13:28,,STR18_013
Wien Hbf,https://reiseauskunft.bahn.de/bin/bhftafel.exe/dn?ld=43157&protocol=https:&rt=1&input=Wien Hbf/Südtiroler Pl. (Tiefgeschoß Straßenbahn)%238100394&time=13:30&date=16.01.24&ld=43110&productsFilter=1111111111&start=1&boardType=dep&rtMode=&,13:30,13:30,,STR18_013
Wien Quartier Belvedere,https://reiseauskunft.bahn.de/bin/bhftafel.exe/dn?ld=43157&protocol=https:&rt=1&input=Wien Quartier Belvedere Bahnhst (Wiedner Gürtel)%238101991&time=13:32&date=16.01.24&ld=43110&productsFilter=1111111111&start=1&boardType=dep&rtMode=&,13:32,13:32,,STR18_013
Wien Fasangasse,https://reiseauskunft.bahn.de/bin/bhftafel.exe/dn?ld=43157&protocol=https:&rt=1&input=Wien Fasangasse (Landstraßer Gürtel)%238171531&time=13:34&date=16.01.24&ld=43110&productsFilter=1111111111&start=1&boardType=dep&rtMode=&,13:34,13:34,,STR18_013
Wien Heinrich-Drimmel-Platz,https://reiseauskunft.bahn.de/bin/bhftafel.exe/dn?ld=43157&protocol=https:&rt=1&input=Wien Heinrich-Drimmel-Platz%238172933&time=13:35&date=16.01.24&ld=43110&productsFilter=1111111111&start=1&boardType=dep&rtMode=&,13:35,13:35,,STR18_013
Wien Wildgansplatz,https://reiseauskunft.bahn.de/bin/bhftafel.exe/dn?ld=43157&protocol=https:&rt=1&input=Wien Wildgansplatz (Landstraßer Hauptstraße)%238148127&time=13:37&date=16.01.24&ld=43110&productsFilter=1111111111&start=1&boardType=dep&rtMode=&,13:37,13:37,,STR18_013
Wien St. Marx,https://reiseauskunft.bahn.de/bin/bhftafel.exe/dn?ld=43157&protocol=https:&rt=1&input=Wien St.Marx Bahnhst (Landstraßer Hauptstr.150)%238102008&time=13:39&date=16.01.24&ld=43110&productsFilter=1111111111&start=1&boardType=dep&rtMode=&,13:39,13:39,,STR18_013
Wien Viehmarktgasse,https://reiseauskunft.bahn.de/bin/bhftafel.exe/dn?ld=43157&protocol=https:&rt=1&input=Wien Viehmarktgasse%238114989&time=13:40&date=16.01.24&ld=43110&productsFilter=1111111111&start=1&boardType=dep&rtMode=&,13:40,13:40,,STR18_013
Wien Baumgasse,https://reiseauskunft.bahn.de/bin/bhftafel.exe/dn?ld=43157&protocol=https:&rt=1&input=Wien Baumgasse%238147330&time=13:42&date=16.01.24&ld=43110&productsFilter=1111111111&start=1&boardType=dep&rtMode=&,13:42,13:42,,STR18_013
Wien Schlachthausgasse,https://reiseauskunft.bahn.de/bin/bhftafel.exe/dn?ld=43157&protocol=https:&rt=1&input=Wien Schlachthausgasse (Markhofgasse)%238101993&time=13:43&date=16.01.24&ld=43110&productsFilter=1111111111&start=1&boardType=dep&rtMode=&,13:43, ,,STR18_013
